id;nombre;apellido;fecha_nacimiento;correo;direccion
1;withdrawal primary Fiji;Castilla;2023-04-30T16:21:23;Parafarmacia Rua;Cambridgeshire
2;Práctico Madera;Cliente interactive invoice;2023-04-29T22:02:15;sexy Integración;Buckinghamshire Cambridgeshire metrics
3;asimétrica Salchichas Interno;Bloque Cliente e-tailers;2023-04-30T03:28:02;Ensalada Account;Opcional leading-edge
4;Sabroso;Asociado Metal overriding;2023-04-29T19:00:34;end-to-end back-end Práctico;Representante Navarra Mascotas
5;Cantabria matrices XSS;parsing;2023-04-30T03:18:37;Negro;Helena holística
6;Guapa compressing;Faso killer intangible;2023-04-29T23:44:58;Auto Dinánmico Mesa;sistémica Regional Bermudian
7;Explanada;Arquitecto;2023-04-29T23:53:48;back-end empower;auxiliary supply-chains Cedi
8;Inversor Uzbekistan;Futuro;2023-04-30T07:10:32;XSS;Distrito neural PNG
9;programming payment Venezuela;Fantástico;2023-04-30T02:14:44;Implementación Adaptativo objetos;overriding móbil
10;Salchichas Pantalones;navigating bandwidth;2023-04-29T23:04:22;digital;proyecto transicional
